Trade ID,Order ID,Client ID,ISIN,Symbol,Trade Type,Quantity,Price,Trade Value,Currency,Trade Date,Settlement Date,Settlement Status,Counterparty,Trading Venue,Trader Name,KYC Status,Reference Data Validated,Commission,Taxes,Total Cost,Confirmation Status,Country of Trade,Ops Team Notes,Pricing Source,Market Impact Cost,FX Rate Applied,Net Amount,Collateral Required,Margin Type,Margin Status
TID00001,OID00001,CID5962,US240362447,TSLA,Buy,942,721.36,679521.12,USD,1/24/2024,1/26/2024,Pending,Citibank,IEX,Trader A,Pending,No,679.52,1359.04,681559.68,Failed,US,Clean,Bloomberg,1.18,1.0442,670513.59,33976.06,Variation,Pending
TID00002,OID00002,CID2693,US511561515,BABA,Sell,916,742.23,679882.68,GBP,1/18/2024,1/20/2024,Confirmed,Goldman Sachs,IEX,Trader A,Failed,No,679.88,1359.77,681922.33,Settled,UK,Escalated,Bloomberg,4.94,0.8749,679457.62,33994.13,Variation,Satisfied
TID00003,OID00003,CID5299,US203344163,ADBE,Sell,928,1253,1162784,EUR,3/31/2024,4/2/2024,Pending,Morgan Stanley,BATS,Trader D,Pending,Yes,1162.78,2325.57,1166272.35,Failed,DE,Reviewed,ICE,4.88,0.9645,1149346.37,58139.2,Variation,Pending
TID00004,OID00004,CID4233,US918886777,NFLX,Sell,528,722.5,381480,USD,2/10/2024,2/12/2024,Settled,Citibank,NASDAQ,Trader B,Pending,No,381.48,762.96,382624.44,Failed,US,Reviewed,ICE,0.73,1.0119,389031.87,19074,Variation,Pending
TID00005,OID00005,CID7506,US403557069,NFLX,Buy,623,1165.74,726256.02,GBP,1/20/2024,1/22/2024,Settled,Citibank,NASDAQ,Trader C,Completed,Yes,726.26,1452.51,728434.79,Confirmed,US,Reviewed,Bloomberg,3.28,1.0459,721848.39,36312.8,Initial,Failed
TID00006,OID00006,CID1598,US182199097,GOOGL,Sell,514,707.02,363408.28,USD,2/18/2024,2/20/2024,Failed,Citibank,NYSE,Trader C,Failed,Yes,363.41,726.82,364498.5,Confirmed,US,Reviewed,ICE,4.65,0.8263,362824.16,18170.41,Initial,Pending
TID00007,OID00007,CID8072,US792919549,AMZN,Buy,121,1228.6,148660.6,GBP,2/18/2024,2/20/2024,Failed,Morgan Stanley,NASDAQ,Trader A,Completed,Yes,148.66,297.32,149106.58,Confirmed,DE,Escalated,ICE,1.36,0.9403,148658.45,7433.03,Variation,Satisfied
TID00008,OID00008,CID7079,US951500830,NVDA,Sell,730,1335.37,974820.1,EUR,4/3/2024,4/5/2024,Failed,JPMorgan,BATS,Trader A,Pending,Yes,974.82,1949.64,977744.56,Settled,US,Escalated,Bloomberg,1.32,0.9066,961593.25,48741.01,Variation,Failed
TID00009,OID00009,CID8079,US374814619,ADBE,Sell,386,1196.81,461968.66,USD,2/17/2024,2/19/2024,Confirmed,JPMorgan,NASDAQ,Trader C,Pending,Yes,461.97,923.94,463354.57,Failed,US,Clean,Bloomberg,1.39,0.837,470714.71,23098.43,Variation,Satisfied
TID00010,OID00010,CID3450,US736755554,AAPL,Sell,629,1057.79,665349.91,GBP,1/24/2024,1/26/2024,Pending,Citibank,BATS,Trader A,Pending,No,665.35,1330.7,667345.96,Pending,UK,Manual Check,Bloomberg,1.69,0.9109,653318.56,33267.5,Variation,Failed
TID00011,OID00011,CID1825,US463101969,AAPL,Buy,176,1009.04,177591.04,EUR,2/27/2024,2/29/2024,Settled,JPMorgan,NASDAQ,Trader D,Failed,Yes,177.59,355.18,178123.81,Confirmed,DE,Reviewed,Bloomberg,0.25,0.9542,179796.18,8879.55,Variation,Pending
TID00012,OID00012,CID5493,US138859211,BABA,Sell,859,1354.3,1163343.7,EUR,3/28/2024,3/30/2024,Pending,Citibank,NASDAQ,Trader A,Completed,No,1163.34,2326.69,1166833.73,Failed,DE,Escalated,ICE,3.42,0.9803,1165620.78,58167.18,Variation,Pending
TID00013,OID00013,CID4114,US311929322,ADBE,Buy,274,1355.76,371478.24,GBP,1/22/2024,1/24/2024,Confirmed,Morgan Stanley,BATS,Trader A,Completed,Yes,371.48,742.96,372592.67,Pending,UK,Reviewed,Reuters,4.6,1.1727,377941.8,18573.91,Variation,Satisfied
TID00014,OID00014,CID3503,US861733893,BABA,Buy,263,1463.38,384868.94,GBP,4/16/2024,4/18/2024,Settled,JPMorgan,BATS,Trader A,Pending,No,384.87,769.74,386023.55,Settled,DE,Clean,Reuters,1.85,0.9653,388599.71,19243.45,Variation,Satisfied
TID00015,OID00015,CID8748,US716657966,BABA,Buy,296,572.37,169421.52,USD,3/31/2024,4/2/2024,Pending,Citibank,IEX,Trader B,Pending,Yes,169.42,338.84,169929.78,Failed,UK,Clean,Reuters,4.96,0.8705,168325.4,8471.08,Variation,Pending
TID00016,OID00016,CID3859,US613556217,AAPL,Sell,353,1071.12,378105.36,GBP,3/26/2024,3/28/2024,Settled,Morgan Stanley,NYSE,Trader B,Completed,Yes,378.11,756.21,379239.68,Pending,UK,Escalated,Reuters,0.67,0.8417,376654.2,18905.27,Initial,Pending
TID00017,OID00017,CID1786,US927329389,GOOGL,Buy,450,1182.04,531918,USD,3/15/2024,3/17/2024,Settled,JPMorgan,BATS,Trader D,Failed,No,531.92,1063.84,533513.75,Settled,UK,Clean,ICE,3.07,1.02,540337.93,26595.9,Variation,Failed
TID00018,OID00018,CID3588,US212110852,NVDA,Buy,504,402.89,203056.56,GBP,2/29/2024,3/2/2024,Confirmed,Goldman Sachs,NYSE,Trader A,Pending,Yes,203.06,406.11,203665.73,Pending,US,Escalated,ICE,2.48,1.1275,202421.63,10152.83,Variation,Failed
TID00019,OID00019,CID9597,US708344912,AMZN,Sell,671,910.42,610891.82,USD,3/8/2024,3/10/2024,Failed,Citibank,IEX,Trader B,Completed,Yes,610.89,1221.78,612724.5,Pending,UK,Escalated,Bloomberg,1.4,1.1489,609508.19,30544.59,Variation,Failed
TID00020,OID00020,CID2179,US377248184,TSLA,Buy,724,784.03,567637.72,EUR,1/21/2024,1/23/2024,Settled,Citibank,IEX,Trader C,Pending,No,567.64,1135.28,569340.63,Failed,US,Reviewed,Bloomberg,1.56,0.9124,575227.81,28381.89,Variation,Pending
TID00021,OID00021,CID3462,US338997283,AMZN,Sell,423,1210.3,511956.9,USD,3/9/2024,3/11/2024,Pending,Morgan Stanley,NYSE,Trader C,Completed,Yes,511.96,1023.91,513492.77,Confirmed,US,Clean,Reuters,2.3,1.111,506879.18,25597.85,Initial,Failed
TID00022,OID00022,CID6403,US224688107,BABA,Sell,688,313.15,215447.2,EUR,3/29/2024,3/31/2024,Pending,Morgan Stanley,BATS,Trader C,Pending,No,215.45,430.89,216093.54,Failed,US,Clean,ICE,0.41,0.843,219663,10772.36,Initial,Pending
TID00023,OID00023,CID5173,US609387594,GOOGL,Buy,997,1061.27,1058086.19,USD,2/4/2024,2/6/2024,Confirmed,Citibank,NYSE,Trader C,Completed,Yes,1058.09,2116.17,1061260.45,Pending,US,Reviewed,Bloomberg,0.32,1.0262,1037101.62,52904.31,Initial,Pending
TID00024,OID00024,CID1575,US431561710,TSLA,Sell,471,1405.76,662112.96,GBP,3/28/2024,3/30/2024,Failed,Citibank,NYSE,Trader C,Failed,Yes,662.11,1324.23,664099.3,Pending,DE,Reviewed,ICE,0.98,1.16,662624.38,33105.65,Variation,Pending
TID00025,OID00025,CID9500,US725944965,AAPL,Sell,11,1269.24,13961.64,GBP,3/10/2024,3/12/2024,Settled,Goldman Sachs,BATS,Trader D,Completed,No,13.96,27.92,14003.52,Settled,DE,Reviewed,ICE,1.88,0.9735,14047.04,698.08,Initial,Pending
TID00026,OID00026,CID2619,US726315514,TSLA,Buy,696,1274.73,887212.08,GBP,4/1/2024,4/3/2024,Settled,Citibank,NYSE,Trader A,Failed,Yes,887.21,1774.42,889873.72,Confirmed,DE,Escalated,ICE,3.14,0.8926,873518.59,44360.6,Initial,Failed
TID00027,OID00027,CID8898,US544756731,NVDA,Sell,224,1254.35,280974.4,USD,3/24/2024,3/26/2024,Settled,Citibank,IEX,Trader C,Failed,Yes,280.97,561.95,281817.32,Pending,DE,Manual Check,Bloomberg,4.49,1.0428,276122.1,14048.72,Initial,Pending
TID00028,OID00028,CID8625,US470601172,ADBE,Sell,439,968.95,425369.05,GBP,3/20/2024,3/22/2024,Pending,Citibank,NYSE,Trader B,Completed,Yes,425.37,850.74,426645.16,Failed,US,Reviewed,Reuters,1.57,1.0957,431562.13,21268.45,Variation,Pending
TID00029,OID00029,CID2057,US173603600,NVDA,Sell,356,1077.01,383415.56,GBP,3/1/2024,3/3/2024,Settled,Citibank,NASDAQ,Trader A,Pending,Yes,383.42,766.83,384565.81,Pending,DE,Manual Check,Bloomberg,1.53,0.8733,378574.67,19170.78,Initial,Satisfied
TID00030,OID00030,CID6126,US859204885,AMZN,Sell,819,983.19,805232.61,GBP,2/12/2024,2/14/2024,Pending,Morgan Stanley,IEX,Trader D,Completed,Yes,805.23,1610.47,807648.31,Settled,DE,Escalated,Reuters,0.48,1.103,796740.86,40261.63,Initial,Satisfied
TID00031,OID00031,CID4521,US444878690,NVDA,Buy,605,318.22,192523.1,EUR,1/7/2024,1/9/2024,Failed,JPMorgan,NASDAQ,Trader D,Failed,No,192.52,385.05,193100.67,Failed,UK,Clean,Reuters,3.55,0.9969,195814.61,9626.16,Initial,Satisfied
TID00032,OID00032,CID9833,US511362334,NFLX,Buy,803,1392.03,1117800.09,GBP,2/11/2024,2/13/2024,Confirmed,JPMorgan,NYSE,Trader C,Completed,No,1117.8,2235.6,1121153.49,Settled,US,Escalated,Reuters,1.96,0.9801,1107369.95,55890,Variation,Satisfied
TID00033,OID00033,CID2486,US623162018,BABA,Buy,942,563.3,530628.6,USD,1/21/2024,1/23/2024,Confirmed,Morgan Stanley,IEX,Trader A,Failed,Yes,530.63,1061.26,532220.49,Confirmed,US,Escalated,ICE,2.77,1.0798,521860.32,26531.43,Variation,Pending
TID00034,OID00034,CID3303,US316010828,MSFT,Buy,523,490.53,256547.19,USD,4/6/2024,4/8/2024,Pending,Citibank,IEX,Trader B,Failed,No,256.55,513.09,257316.83,Settled,DE,Reviewed,ICE,0.76,0.8174,251423.69,12827.36,Variation,Failed
TID00035,OID00035,CID6632,US303681429,NVDA,Sell,54,1381.88,74621.52,USD,4/29/2024,5/1/2024,Confirmed,Citibank,BATS,Trader C,Completed,Yes,74.62,149.24,74845.38,Pending,DE,Reviewed,Reuters,1.11,1.0704,75170.21,3731.08,Initial,Failed
TID00036,OID00036,CID8148,US696783507,TSLA,Buy,524,598.92,313834.08,USD,3/24/2024,3/26/2024,Confirmed,Goldman Sachs,BATS,Trader D,Failed,No,313.83,627.67,314775.58,Pending,UK,Escalated,Bloomberg,4.69,0.914,316802.92,15691.7,Variation,Pending
TID00037,OID00037,CID3448,US845269714,MSFT,Buy,109,1297.53,141430.77,USD,4/13/2024,4/15/2024,Failed,Citibank,NASDAQ,Trader B,Pending,Yes,141.43,282.86,141855.06,Failed,DE,Manual Check,Bloomberg,2.01,1.0914,142540,7071.54,Initial,Pending
TID00038,OID00038,CID1248,US777621649,AAPL,Buy,514,1371.07,704729.98,GBP,3/2/2024,3/4/2024,Confirmed,Goldman Sachs,BATS,Trader D,Failed,No,704.73,1409.46,706844.17,Settled,UK,Manual Check,Bloomberg,4.76,0.9761,693832.79,35236.5,Initial,Satisfied
TID00039,OID00039,CID5796,US112219917,BABA,Buy,148,1271.71,188213.08,EUR,2/3/2024,2/5/2024,Settled,JPMorgan,IEX,Trader C,Completed,Yes,188.21,376.43,188777.72,Pending,US,Escalated,ICE,0.87,1.1207,188400.51,9410.65,Variation,Satisfied
TID00040,OID00040,CID4309,US504829074,BABA,Buy,228,309.17,70490.76,USD,4/19/2024,4/21/2024,Failed,Goldman Sachs,BATS,Trader C,Completed,No,70.49,140.98,70702.23,Settled,US,Clean,Bloomberg,3.19,1.0643,70680.61,3524.54,Variation,Failed
TID00041,OID00041,CID4536,US187405504,TSLA,Sell,276,770.92,212773.92,USD,3/29/2024,3/31/2024,Settled,Morgan Stanley,IEX,Trader C,Pending,No,212.77,425.55,213412.24,Failed,DE,Clean,Bloomberg,3.69,0.83,208748.69,10638.7,Initial,Failed
TID00042,OID00042,CID1242,US816630499,TSLA,Buy,274,496.97,136169.78,EUR,3/11/2024,3/13/2024,Settled,Morgan Stanley,NASDAQ,Trader D,Pending,Yes,136.17,272.34,136578.29,Pending,DE,Manual Check,Reuters,0.57,0.9987,138126.74,6808.49,Initial,Failed
TID00043,OID00043,CID1487,US674871357,NVDA,Sell,708,947.47,670808.76,EUR,4/2/2024,4/4/2024,Pending,Citibank,NASDAQ,Trader D,Completed,Yes,670.81,1341.62,672821.19,Settled,US,Escalated,Reuters,1.23,0.8411,677916.31,33540.44,Initial,Satisfied
TID00044,OID00044,CID7067,US590523117,MSFT,Sell,815,474.82,386978.3,EUR,2/16/2024,2/18/2024,Failed,JPMorgan,BATS,Trader C,Completed,No,386.98,773.96,388139.23,Confirmed,UK,Manual Check,Reuters,2.31,0.9434,384284.65,19348.92,Initial,Satisfied
TID00045,OID00045,CID7892,US971820697,NVDA,Buy,230,368.08,84658.4,EUR,2/29/2024,3/2/2024,Failed,Goldman Sachs,BATS,Trader A,Failed,Yes,84.66,169.32,84912.38,Pending,DE,Clean,Bloomberg,0.8,0.936,84102.1,4232.92,Variation,Satisfied
TID00046,OID00046,CID6879,US484858411,BABA,Buy,612,739.77,452739.24,GBP,3/25/2024,3/27/2024,Confirmed,Morgan Stanley,IEX,Trader A,Pending,Yes,452.74,905.48,454097.46,Pending,US,Manual Check,Reuters,2.82,0.8244,445145.42,22636.96,Variation,Pending
TID00047,OID00047,CID4297,US311809960,GOOGL,Sell,622,1130.32,703059.04,EUR,1/20/2024,1/22/2024,Confirmed,JPMorgan,IEX,Trader A,Completed,Yes,703.06,1406.12,705168.22,Failed,US,Manual Check,Reuters,4.07,0.8658,697738.04,35152.95,Initial,Failed
TID00048,OID00048,CID5807,US463417877,AAPL,Sell,975,1438.69,1402722.75,GBP,2/11/2024,2/13/2024,Failed,JPMorgan,NASDAQ,Trader B,Failed,No,1402.72,2805.45,1406930.92,Failed,UK,Escalated,Reuters,0.53,1.1037,1397758.02,70136.14,Initial,Pending
TID00049,OID00049,CID5829,US796664232,NVDA,Buy,426,672.88,286646.88,USD,2/26/2024,2/28/2024,Confirmed,Citibank,NASDAQ,Trader B,Failed,Yes,286.65,573.29,287506.82,Settled,UK,Escalated,ICE,3.15,1.1463,281880.62,14332.34,Variation,Pending
TID00050,OID00050,CID9833,US762207709,MSFT,Buy,973,1378.87,1341640.51,USD,4/21/2024,4/23/2024,Pending,Citibank,NYSE,Trader C,Pending,No,1341.64,2683.28,1345665.43,Pending,UK,Reviewed,ICE,0.47,0.826,1336654.42,67082.03,Variation,Satisfied
TID00051,OID00051,CID6818,US521862236,TSLA,Sell,491,1253.7,615566.7,USD,4/7/2024,4/9/2024,Confirmed,Citibank,NASDAQ,Trader D,Pending,Yes,615.57,1231.13,617413.4,Settled,DE,Manual Check,ICE,4.06,0.971,617759.59,30778.33,Variation,Pending
TID00052,OID00052,CID8422,US631021383,NFLX,Buy,390,1051.69,410159.1,USD,3/1/2024,3/3/2024,Settled,Goldman Sachs,NASDAQ,Trader C,Completed,Yes,410.16,820.32,411389.58,Pending,US,Clean,Bloomberg,2.59,1.0327,415729.74,20507.96,Variation,Pending
TID00053,OID00053,CID6348,US536979056,META,Buy,583,941.33,548795.39,EUR,4/7/2024,4/9/2024,Failed,JPMorgan,NASDAQ,Trader C,Failed,Yes,548.8,1097.59,550441.78,Failed,US,Clean,Bloomberg,1.7,0.9609,539591.8,27439.77,Variation,Failed
TID00054,OID00054,CID4789,US561125740,GOOGL,Sell,658,830.51,546475.58,GBP,4/25/2024,4/27/2024,Confirmed,Morgan Stanley,IEX,Trader C,Failed,Yes,546.48,1092.95,548115.01,Confirmed,UK,Clean,ICE,1.02,0.933,546219.31,27323.78,Variation,Satisfied
TID00055,OID00055,CID8687,US768312799,ADBE,Buy,474,331.35,157059.9,EUR,2/2/2024,2/4/2024,Failed,Citibank,NASDAQ,Trader A,Failed,Yes,157.06,314.12,157531.08,Failed,UK,Clean,Reuters,0.42,0.8662,156898.17,7852.99,Variation,Pending
TID00056,OID00056,CID3084,US552352193,META,Sell,773,262.34,202788.82,EUR,2/15/2024,2/17/2024,Confirmed,Morgan Stanley,NASDAQ,Trader B,Failed,No,202.79,405.58,203397.19,Settled,UK,Manual Check,ICE,2.11,0.997,205196.61,10139.44,Variation,Failed
TID00057,OID00057,CID9707,US307778674,ADBE,Buy,176,1489.09,262079.84,USD,4/11/2024,4/13/2024,Confirmed,Morgan Stanley,NASDAQ,Trader B,Failed,No,262.08,524.16,262866.08,Pending,US,Reviewed,Bloomberg,3.28,0.8626,261670.13,13103.99,Variation,Pending
TID00058,OID00058,CID6778,US438600198,GOOGL,Sell,286,974.9,278821.4,USD,1/30/2024,2/1/2024,Settled,Morgan Stanley,NYSE,Trader B,Completed,No,278.82,557.64,279657.86,Pending,US,Reviewed,Bloomberg,3.46,0.9282,277573.01,13941.07,Variation,Failed
TID00059,OID00059,CID5742,US597572676,MSFT,Buy,229,635.42,145511.18,GBP,2/26/2024,2/28/2024,Pending,Goldman Sachs,NYSE,Trader A,Completed,No,145.51,291.02,145947.71,Confirmed,DE,Reviewed,Bloomberg,3.76,1.1415,147741.15,7275.56,Variation,Satisfied
TID00060,OID00060,CID9195,US688143018,AAPL,Sell,719,1308.69,940948.11,USD,1/15/2024,1/17/2024,Confirmed,Goldman Sachs,NASDAQ,Trader C,Failed,Yes,940.95,1881.9,943770.95,Pending,DE,Clean,Reuters,0.52,0.8208,935558.68,47047.41,Initial,Satisfied
TID00061,OID00061,CID8459,US975554360,BABA,Buy,813,888.83,722618.79,GBP,4/29/2024,5/1/2024,Settled,Morgan Stanley,IEX,Trader C,Pending,Yes,722.62,1445.24,724786.65,Confirmed,DE,Escalated,Bloomberg,1.37,1.1371,713102.93,36130.94,Variation,Satisfied
TID00062,OID00062,CID7015,US180502694,META,Sell,832,206.06,171441.92,EUR,1/7/2024,1/9/2024,Settled,JPMorgan,IEX,Trader A,Failed,Yes,171.44,342.88,171956.25,Failed,US,Reviewed,Bloomberg,4.63,1.0298,171645.88,8572.1,Variation,Satisfied
TID00063,OID00063,CID2807,US562283653,BABA,Buy,843,312.69,263597.67,EUR,3/25/2024,3/27/2024,Pending,Citibank,NASDAQ,Trader B,Pending,No,263.6,527.2,264388.46,Settled,UK,Clean,Bloomberg,2.11,0.9652,261004.38,13179.88,Initial,Pending
TID00064,OID00064,CID4183,US758753118,MSFT,Sell,710,835.16,592963.6,EUR,1/16/2024,1/18/2024,Pending,Goldman Sachs,IEX,Trader D,Completed,Yes,592.96,1185.93,594742.49,Pending,UK,Reviewed,Reuters,0.15,0.8137,602681.77,29648.18,Variation,Satisfied
TID00065,OID00065,CID4381,US566705407,TSLA,Buy,713,234.84,167440.92,GBP,2/13/2024,2/15/2024,Confirmed,Morgan Stanley,IEX,Trader C,Pending,No,167.44,334.88,167943.24,Confirmed,US,Reviewed,ICE,1.1,1.1248,165252.75,8372.05,Initial,Satisfied
TID00066,OID00066,CID5063,US477294160,ADBE,Sell,721,412.02,297066.42,EUR,4/26/2024,4/28/2024,Pending,JPMorgan,BATS,Trader A,Pending,No,297.07,594.13,297957.62,Failed,DE,Manual Check,Bloomberg,3.53,0.8546,297396.3,14853.32,Initial,Failed
TID00067,OID00067,CID4537,US128005684,BABA,Buy,999,222.19,221967.81,EUR,2/21/2024,2/23/2024,Confirmed,Citibank,NYSE,Trader B,Pending,Yes,221.97,443.94,222633.71,Failed,US,Escalated,Bloomberg,3.51,0.9864,222692.52,11098.39,Variation,Pending
TID00068,OID00068,CID5248,US504953604,AMZN,Buy,378,1115.53,421670.34,EUR,2/13/2024,2/15/2024,Pending,JPMorgan,BATS,Trader A,Pending,No,421.67,843.34,422935.35,Pending,US,Escalated,Bloomberg,4.03,0.9022,424177.85,21083.52,Initial,Pending
TID00069,OID00069,CID4999,US894708418,TSLA,Buy,309,1139.16,352000.44,USD,4/7/2024,4/9/2024,Confirmed,Goldman Sachs,IEX,Trader A,Pending,No,352,704,353056.44,Settled,DE,Manual Check,Bloomberg,3.07,1.0209,352525.3,17600.02,Variation,Satisfied
TID00070,OID00070,CID4942,US957674850,MSFT,Buy,634,383.58,243189.72,USD,4/18/2024,4/20/2024,Failed,JPMorgan,NASDAQ,Trader B,Failed,No,243.19,486.38,243919.29,Settled,US,Reviewed,Reuters,2.34,0.8892,242202.64,12159.49,Variation,Satisfied
TID00071,OID00071,CID8418,US299379488,MSFT,Sell,312,309.51,96567.12,USD,3/8/2024,3/10/2024,Confirmed,Goldman Sachs,IEX,Trader A,Pending,Yes,96.57,193.13,96856.82,Confirmed,DE,Reviewed,Reuters,0.79,0.8204,95547.58,4828.36,Variation,Satisfied
TID00072,OID00072,CID9866,US386930876,AAPL,Buy,518,622.86,322641.48,GBP,4/12/2024,4/14/2024,Settled,Citibank,IEX,Trader B,Completed,No,322.64,645.28,323609.4,Confirmed,US,Escalated,Bloomberg,0.95,0.8467,327664.11,16132.07,Initial,Satisfied
TID00073,OID00073,CID1942,US486344894,GOOGL,Sell,423,795.75,336602.25,EUR,4/13/2024,4/15/2024,Failed,Morgan Stanley,BATS,Trader C,Pending,Yes,336.6,673.2,337612.06,Failed,UK,Manual Check,ICE,1.44,0.889,340693.16,16830.11,Initial,Failed
TID00074,OID00074,CID8668,US816600690,BABA,Buy,872,1025.21,893983.12,USD,4/29/2024,5/1/2024,Pending,Goldman Sachs,NYSE,Trader C,Failed,Yes,893.98,1787.97,896665.07,Settled,DE,Clean,Bloomberg,4.85,0.8591,885288.84,44699.16,Initial,Failed
TID00075,OID00075,CID7322,US407776453,NFLX,Buy,889,523.54,465427.06,GBP,2/22/2024,2/24/2024,Confirmed,Morgan Stanley,BATS,Trader B,Completed,No,465.43,930.85,466823.34,Confirmed,US,Manual Check,Bloomberg,2.62,1.1921,466982.15,23271.35,Variation,Satisfied
TID00076,OID00076,CID8651,US985881696,AAPL,Sell,924,620.21,573074.04,USD,1/14/2024,1/16/2024,Settled,JPMorgan,NYSE,Trader B,Pending,Yes,573.07,1146.15,574793.26,Confirmed,DE,Reviewed,ICE,4.4,1.1314,581660.74,28653.7,Initial,Satisfied
TID00077,OID00077,CID9471,US101245731,META,Sell,629,1266.91,796886.39,EUR,4/12/2024,4/14/2024,Pending,Goldman Sachs,NYSE,Trader A,Failed,No,796.89,1593.77,799277.05,Confirmed,UK,Reviewed,Bloomberg,2.68,0.918,812441.32,39844.32,Variation,Satisfied
TID00078,OID00078,CID7729,US380495736,MSFT,Buy,394,711.11,280177.34,GBP,4/15/2024,4/17/2024,Pending,JPMorgan,NYSE,Trader D,Pending,No,280.18,560.35,281017.87,Settled,DE,Manual Check,Bloomberg,2.51,0.9046,285518.5,14008.87,Initial,Satisfied
TID00079,OID00079,CID4796,US661594578,GOOGL,Buy,479,371.32,177862.28,GBP,1/10/2024,1/12/2024,Failed,JPMorgan,NASDAQ,Trader D,Completed,Yes,177.86,355.72,178395.87,Failed,US,Reviewed,ICE,3,1.0693,179024.67,8893.11,Initial,Pending
TID00080,OID00080,CID5309,US653564485,NVDA,Sell,147,409.74,60231.78,GBP,2/25/2024,2/27/2024,Settled,Goldman Sachs,BATS,Trader B,Failed,Yes,60.23,120.46,60412.48,Confirmed,US,Clean,ICE,2.73,1.1663,60802.72,3011.59,Variation,Failed
TID00081,OID00081,CID3938,US557043454,MSFT,Sell,211,223.33,47122.63,GBP,3/15/2024,3/17/2024,Pending,JPMorgan,NASDAQ,Trader C,Failed,No,47.12,94.25,47264,Failed,DE,Clean,ICE,1.81,0.9531,47200.37,2356.13,Initial,Satisfied
TID00082,OID00082,CID6006,US778394722,META,Buy,826,125.6,103745.6,USD,3/29/2024,3/31/2024,Settled,JPMorgan,NYSE,Trader D,Failed,Yes,103.75,207.49,104056.84,Settled,UK,Reviewed,Bloomberg,0.75,0.8896,103929.93,5187.28,Variation,Satisfied
TID00083,OID00083,CID7938,US810077248,ADBE,Sell,703,505.37,355275.11,EUR,4/6/2024,4/8/2024,Confirmed,Goldman Sachs,BATS,Trader C,Pending,Yes,355.28,710.55,356340.94,Pending,UK,Reviewed,ICE,2.02,0.9603,350754.64,17763.76,Initial,Failed
TID00084,OID00084,CID6307,US705231901,AAPL,Buy,49,1040.21,50970.29,GBP,4/16/2024,4/18/2024,Settled,JPMorgan,BATS,Trader C,Pending,Yes,50.97,101.94,51123.2,Pending,DE,Clean,ICE,2.65,0.9516,51955.4,2548.51,Variation,Pending
TID00085,OID00085,CID6882,US242234860,BABA,Sell,601,963.33,578961.33,GBP,4/19/2024,4/21/2024,Settled,JPMorgan,NYSE,Trader C,Pending,No,578.96,1157.92,580698.21,Settled,US,Manual Check,Reuters,0.79,0.9234,581654.25,28948.07,Variation,Failed
TID00086,OID00086,CID2269,US503822330,NFLX,Sell,942,1102.78,1038818.76,EUR,3/30/2024,4/1/2024,Pending,JPMorgan,BATS,Trader C,Pending,No,1038.82,2077.64,1041935.22,Failed,UK,Escalated,Reuters,4.64,0.8401,1057717.16,51940.94,Initial,Satisfied
TID00087,OID00087,CID4080,US815765397,AMZN,Buy,819,1176.15,963266.85,GBP,4/4/2024,4/6/2024,Confirmed,Morgan Stanley,NYSE,Trader B,Pending,Yes,963.27,1926.53,966156.65,Settled,DE,Escalated,Bloomberg,3.52,0.8444,949040.73,48163.34,Variation,Satisfied
TID00088,OID00088,CID6831,US697627951,AMZN,Buy,350,1259.25,440737.5,EUR,3/26/2024,3/28/2024,Pending,Morgan Stanley,NASDAQ,Trader A,Failed,Yes,440.74,881.48,442059.71,Failed,DE,Manual Check,Reuters,1.95,1.0804,445103.04,22036.88,Initial,Satisfied
TID00089,OID00089,CID8887,US381485465,META,Buy,811,1070.61,868264.71,GBP,1/28/2024,1/30/2024,Failed,Citibank,BATS,Trader D,Failed,No,868.26,1736.53,870869.5,Settled,US,Manual Check,Reuters,0.37,0.9174,867156.04,43413.24,Variation,Failed
TID00090,OID00090,CID7019,US737470851,BABA,Buy,269,861.9,231851.1,USD,1/22/2024,1/24/2024,Pending,Goldman Sachs,NYSE,Trader A,Pending,Yes,231.85,463.7,232546.65,Pending,DE,Escalated,ICE,3.61,1.1217,235155.83,11592.56,Variation,Failed
TID00091,OID00091,CID1597,US374761770,NFLX,Sell,454,172.26,78206.04,EUR,3/29/2024,3/31/2024,Pending,Goldman Sachs,NASDAQ,Trader D,Completed,No,78.21,156.41,78440.66,Pending,DE,Escalated,Reuters,3.11,1.0092,78398.63,3910.3,Initial,Failed
TID00092,OID00092,CID1821,US913440508,ADBE,Buy,434,986.09,427963.06,EUR,3/1/2024,3/3/2024,Confirmed,Goldman Sachs,NASDAQ,Trader D,Completed,Yes,427.96,855.93,429246.95,Settled,UK,Manual Check,ICE,0.94,0.8926,422466.5,21398.15,Initial,Satisfied
TID00093,OID00093,CID4372,US170103426,AAPL,Buy,562,1488.33,836441.46,GBP,3/22/2024,3/24/2024,Pending,Goldman Sachs,NASDAQ,Trader B,Pending,Yes,836.44,1672.88,838950.78,Pending,DE,Escalated,ICE,0.99,0.8585,846543.84,41822.07,Variation,Failed
TID00094,OID00094,CID9337,US202009479,AMZN,Sell,310,249.95,77484.5,USD,3/14/2024,3/16/2024,Confirmed,Goldman Sachs,NYSE,Trader D,Completed,No,77.48,154.97,77716.95,Confirmed,UK,Reviewed,Reuters,1.88,0.9515,78310.42,3874.23,Initial,Failed
TID00095,OID00095,CID1583,US690396527,BABA,Sell,836,814.11,680595.96,EUR,4/12/2024,4/14/2024,Settled,Citibank,IEX,Trader A,Completed,No,680.6,1361.19,682637.75,Pending,DE,Reviewed,Bloomberg,0.56,0.8151,685940.21,34029.8,Variation,Failed
TID00096,OID00096,CID3007,US594201452,ADBE,Buy,159,816.02,129747.18,USD,4/23/2024,4/25/2024,Failed,Goldman Sachs,BATS,Trader C,Pending,No,129.75,259.49,130136.42,Confirmed,UK,Reviewed,ICE,2.44,0.8127,129140.77,6487.36,Initial,Failed
TID00097,OID00097,CID6559,US629710937,NFLX,Sell,711,202.67,144098.37,USD,1/4/2024,1/6/2024,Settled,Morgan Stanley,BATS,Trader A,Failed,Yes,144.1,288.2,144530.67,Settled,DE,Clean,Bloomberg,1,0.8038,145597.44,7204.92,Initial,Failed
TID00098,OID00098,CID9878,US497135463,AAPL,Sell,597,1130.86,675123.42,EUR,3/12/2024,3/14/2024,Settled,JPMorgan,NYSE,Trader B,Pending,Yes,675.12,1350.25,677148.79,Settled,UK,Escalated,Bloomberg,1.26,1.0663,688557.06,33756.17,Initial,Pending
TID00099,OID00099,CID4865,US449602380,ADBE,Sell,532,146.46,77916.72,EUR,2/18/2024,2/20/2024,Pending,Citibank,NYSE,Trader A,Completed,Yes,77.92,155.83,78150.47,Failed,DE,Escalated,ICE,3.51,1.0853,79379.38,3895.84,Initial,Satisfied
TID00100,OID00100,CID2481,US620657212,NVDA,Sell,377,244.94,92342.38,USD,2/24/2024,2/26/2024,Confirmed,Morgan Stanley,NASDAQ,Trader C,Pending,No,92.34,184.68,92619.41,Failed,DE,Escalated,Bloomberg,0.5,1.163,93940.17,4617.12,Variation,Failed
TID00101,OID00101,CID4116,US370901992,AMZN,Sell,991,462.73,458565.43,USD,4/13/2024,4/15/2024,Confirmed,JPMorgan,BATS,Trader A,Pending,No,458.57,917.13,459941.13,Pending,UK,Escalated,ICE,3.14,1.1439,467734.13,22928.27,Initial,Pending
TID00102,OID00102,CID1055,US938802605,ADBE,Buy,496,1227,608592,GBP,4/12/2024,4/14/2024,Pending,Morgan Stanley,IEX,Trader D,Completed,No,608.59,1217.18,610417.78,Settled,US,Manual Check,Bloomberg,2.42,1.0555,597990.04,30429.6,Initial,Failed
TID00103,OID00103,CID9715,US986172895,BABA,Buy,476,1339.49,637597.24,EUR,1/30/2024,2/1/2024,Confirmed,Morgan Stanley,BATS,Trader A,Pending,Yes,637.6,1275.19,639510.03,Settled,DE,Clean,ICE,1.63,1.1734,640862.94,31879.86,Variation,Failed
TID00104,OID00104,CID9246,US817729491,NVDA,Sell,179,772.25,138232.75,EUR,3/2/2024,3/4/2024,Settled,Morgan Stanley,BATS,Trader B,Completed,Yes,138.23,276.47,138647.45,Pending,US,Clean,Reuters,0.24,0.9673,136620.31,6911.64,Initial,Failed
TID00105,OID00105,CID6045,US128924867,GOOGL,Sell,234,801.36,187518.24,USD,1/26/2024,1/28/2024,Pending,Morgan Stanley,IEX,Trader A,Pending,No,187.52,375.04,188080.79,Failed,US,Escalated,ICE,4.99,1.0217,187140.65,9375.91,Initial,Pending
TID00106,OID00106,CID8160,US908300146,GOOGL,Buy,386,489.48,188939.28,USD,3/1/2024,3/3/2024,Pending,JPMorgan,NYSE,Trader B,Pending,No,188.94,377.88,189506.1,Pending,US,Clean,Bloomberg,0.16,0.9474,188356.87,9446.96,Variation,Satisfied
TID00107,OID00107,CID2723,US423350887,TSLA,Sell,164,200.96,32957.44,EUR,3/24/2024,3/26/2024,Settled,Morgan Stanley,NYSE,Trader A,Failed,Yes,32.96,65.91,33056.31,Settled,DE,Escalated,Reuters,0.14,0.8704,32342.27,1647.87,Initial,Pending
TID00108,OID00108,CID2116,US321741526,NVDA,Buy,241,1343.78,323850.98,EUR,2/12/2024,2/14/2024,Pending,JPMorgan,NYSE,Trader B,Failed,Yes,323.85,647.7,324822.53,Settled,DE,Manual Check,Reuters,1.28,0.9357,325014.37,16192.55,Variation,Pending
TID00109,OID00109,CID6269,US644852751,GOOGL,Sell,926,502.87,465657.62,GBP,1/27/2024,1/29/2024,Failed,Morgan Stanley,IEX,Trader D,Pending,Yes,465.66,931.32,467054.59,Confirmed,DE,Escalated,Reuters,2.46,1.1508,462487.76,23282.88,Initial,Failed
TID00110,OID00110,CID9666,US114280271,MSFT,Buy,508,724.18,367883.44,GBP,2/5/2024,2/7/2024,Pending,JPMorgan,BATS,Trader A,Completed,No,367.88,735.77,368987.09,Settled,UK,Escalated,Reuters,2.33,1.0377,366890.86,18394.17,Variation,Satisfied
TID00111,OID00111,CID7178,US371218485,ADBE,Sell,939,269.84,253379.76,EUR,1/29/2024,1/31/2024,Failed,Citibank,NYSE,Trader B,Failed,Yes,253.38,506.76,254139.9,Failed,US,Manual Check,Bloomberg,3.79,0.8124,256525.18,12668.99,Initial,Pending
TID00112,OID00112,CID5064,US985144661,BABA,Buy,368,1084.32,399029.76,GBP,3/17/2024,3/19/2024,Pending,Goldman Sachs,IEX,Trader C,Completed,Yes,399.03,798.06,400226.85,Confirmed,DE,Clean,Reuters,3.33,1.0974,402982.63,19951.49,Initial,Satisfied
TID00113,OID00113,CID1186,US165773891,TSLA,Sell,484,1048.38,507415.92,USD,1/28/2024,1/30/2024,Settled,Citibank,NYSE,Trader B,Completed,Yes,507.42,1014.83,508938.17,Failed,UK,Escalated,Reuters,0.92,1.0228,512595.09,25370.8,Variation,Failed
TID00114,OID00114,CID8497,US326433101,AAPL,Buy,901,136.13,122653.13,GBP,3/27/2024,3/29/2024,Pending,Citibank,NYSE,Trader D,Completed,Yes,122.65,245.31,123021.09,Pending,US,Escalated,Reuters,4.7,0.8808,121677.16,6132.66,Initial,Pending
TID00115,OID00115,CID8163,US857067533,BABA,Buy,537,1245.22,668683.14,USD,1/3/2024,1/5/2024,Confirmed,Goldman Sachs,NYSE,Trader B,Failed,No,668.68,1337.37,670689.19,Pending,UK,Escalated,Reuters,4.33,0.949,659281.7,33434.16,Variation,Pending
TID00116,OID00116,CID6707,US598667764,NVDA,Buy,86,1308.42,112524.12,EUR,4/19/2024,4/21/2024,Confirmed,JPMorgan,IEX,Trader A,Pending,No,112.52,225.05,112861.69,Confirmed,US,Manual Check,ICE,0.3,0.874,114562.73,5626.21,Initial,Failed
TID00117,OID00117,CID5457,US316288678,GOOGL,Sell,55,1406.57,77361.35,USD,2/23/2024,2/25/2024,Failed,JPMorgan,NYSE,Trader A,Pending,Yes,77.36,154.72,77593.43,Pending,DE,Clean,ICE,4.72,0.9578,78257.18,3868.07,Initial,Satisfied
TID00118,OID00118,CID3605,US517118141,AAPL,Buy,934,1395.7,1303583.8,EUR,3/8/2024,3/10/2024,Failed,Goldman Sachs,BATS,Trader D,Completed,No,1303.58,2607.17,1307494.55,Pending,UK,Manual Check,ICE,1.88,0.824,1302313.44,65179.19,Initial,Pending
TID00119,OID00119,CID9648,US913848569,ADBE,Buy,123,1388.72,170812.56,USD,2/3/2024,2/5/2024,Settled,Goldman Sachs,NYSE,Trader D,Failed,Yes,170.81,341.63,171325,Confirmed,US,Reviewed,ICE,2.96,1.1288,170438.67,8540.63,Initial,Failed
TID00120,OID00120,CID8424,US331487828,META,Sell,271,116.36,31533.56,EUR,2/22/2024,2/24/2024,Failed,Morgan Stanley,NYSE,Trader A,Failed,No,31.53,63.07,31628.16,Pending,UK,Clean,Reuters,4.67,1.0723,31727.22,1576.68,Initial,Satisfied
TID00121,OID00121,CID2797,US946031380,GOOGL,Sell,438,237.2,103893.6,USD,1/24/2024,1/26/2024,Failed,Morgan Stanley,NASDAQ,Trader C,Failed,Yes,103.89,207.79,104205.28,Pending,US,Escalated,Reuters,3.2,1.1693,103047.57,5194.68,Variation,Satisfied
TID00122,OID00122,CID5057,US755688998,MSFT,Buy,814,1196.08,973609.12,GBP,2/26/2024,2/28/2024,Confirmed,Goldman Sachs,IEX,Trader B,Pending,Yes,973.61,1947.22,976529.95,Settled,UK,Clean,Reuters,0.49,1.0273,979293.84,48680.46,Variation,Satisfied
TID00123,OID00123,CID9624,US654890535,AAPL,Sell,414,921.11,381339.54,GBP,1/3/2024,1/5/2024,Confirmed,JPMorgan,NASDAQ,Trader C,Completed,No,381.34,762.68,382483.56,Pending,US,Manual Check,ICE,2.57,0.9475,380297.76,19066.98,Initial,Satisfied
TID00124,OID00124,CID4378,US484725127,AAPL,Sell,345,1364.9,470890.5,GBP,2/9/2024,2/11/2024,Pending,Citibank,NASDAQ,Trader C,Pending,No,470.89,941.78,472303.17,Confirmed,UK,Clean,Bloomberg,1,1.0197,470765.73,23544.53,Initial,Pending
TID00125,OID00125,CID7338,US838165259,BABA,Sell,282,233.97,65979.54,USD,3/25/2024,3/27/2024,Failed,Citibank,NASDAQ,Trader C,Pending,No,65.98,131.96,66177.48,Settled,UK,Escalated,Reuters,3.76,1.1197,67173.57,3298.98,Initial,Failed
TID00126,OID00126,CID4416,US672382904,NVDA,Sell,67,913.92,61232.64,EUR,3/9/2024,3/11/2024,Confirmed,Goldman Sachs,NYSE,Trader D,Pending,No,61.23,122.47,61416.34,Settled,US,Manual Check,ICE,0.43,1.0065,61764.58,3061.63,Variation,Failed
TID00127,OID00127,CID5624,US568231562,TSLA,Buy,908,644.04,584788.32,USD,1/27/2024,1/29/2024,Pending,Morgan Stanley,NYSE,Trader B,Failed,No,584.79,1169.58,586542.68,Settled,UK,Clean,Reuters,2.52,0.9613,584074.21,29239.42,Variation,Satisfied
TID00128,OID00128,CID8346,US954087449,NVDA,Buy,985,103.03,101484.55,EUR,2/7/2024,2/9/2024,Pending,Morgan Stanley,IEX,Trader B,Failed,Yes,101.48,202.97,101789,Confirmed,UK,Manual Check,ICE,1.92,0.9534,101678,5074.23,Variation,Satisfied
TID00129,OID00129,CID1558,US209334640,AMZN,Buy,295,565.26,166751.7,EUR,4/13/2024,4/15/2024,Settled,Morgan Stanley,BATS,Trader C,Completed,Yes,166.75,333.5,167251.96,Failed,US,Reviewed,Reuters,0.62,0.9801,169622.68,8337.59,Initial,Satisfied
TID00130,OID00130,CID5934,US907221758,MSFT,Buy,177,501.57,88777.89,GBP,2/9/2024,2/11/2024,Failed,Morgan Stanley,NYSE,Trader B,Failed,No,88.78,177.56,89044.22,Settled,DE,Escalated,Bloomberg,0.41,1.0602,88503.54,4438.89,Variation,Satisfied
TID00131,OID00131,CID5730,US165267967,ADBE,Sell,825,446.54,368395.5,GBP,4/7/2024,4/9/2024,Confirmed,Citibank,NYSE,Trader A,Completed,Yes,368.4,736.79,369500.69,Pending,US,Clean,Bloomberg,4.04,0.9484,373447.95,18419.78,Variation,Pending
TID00132,OID00132,CID1734,US724779138,NFLX,Buy,913,1260.69,1151009.97,EUR,4/14/2024,4/16/2024,Failed,Citibank,IEX,Trader B,Failed,No,1151.01,2302.02,1154463,Failed,UK,Reviewed,Reuters,3.47,0.8433,1163261.41,57550.5,Initial,Pending
TID00133,OID00133,CID2349,US290976322,AAPL,Buy,252,1056.05,266124.6,EUR,1/18/2024,1/20/2024,Failed,Goldman Sachs,NASDAQ,Trader D,Pending,Yes,266.12,532.25,266922.97,Confirmed,UK,Clean,ICE,2.05,0.8139,267425.15,13306.23,Variation,Pending
TID00134,OID00134,CID7901,US179229680,TSLA,Sell,759,1290.86,979762.74,EUR,4/11/2024,4/13/2024,Pending,Morgan Stanley,NASDAQ,Trader C,Completed,No,979.76,1959.53,982702.03,Confirmed,US,Manual Check,ICE,1.46,1.0248,975005.67,48988.14,Initial,Pending
TID00135,OID00135,CID7694,US359561529,NVDA,Buy,215,282.48,60733.2,GBP,2/8/2024,2/10/2024,Pending,Morgan Stanley,BATS,Trader C,Failed,Yes,60.73,121.47,60915.4,Confirmed,DE,Reviewed,ICE,2.99,1.1548,60576.84,3036.66,Initial,Pending
TID00136,OID00136,CID5490,US758662104,NVDA,Sell,757,966.07,731314.99,EUR,3/30/2024,4/1/2024,Confirmed,Citibank,NYSE,Trader A,Failed,No,731.31,1462.63,733508.93,Confirmed,DE,Escalated,Bloomberg,2.93,0.969,730027.68,36565.75,Variation,Failed
TID00137,OID00137,CID6327,US865257652,META,Sell,278,306.43,85187.54,EUR,4/5/2024,4/7/2024,Settled,Morgan Stanley,BATS,Trader C,Completed,Yes,85.19,170.38,85443.1,Failed,US,Clean,Reuters,1.73,0.8568,86446.38,4259.38,Initial,Satisfied
TID00138,OID00138,CID5055,US346088215,NVDA,Buy,466,1272.83,593138.78,GBP,3/5/2024,3/7/2024,Confirmed,Morgan Stanley,BATS,Trader D,Failed,No,593.14,1186.28,594918.2,Pending,US,Clean,ICE,2.58,0.8699,596779.88,29656.94,Initial,Pending
TID00139,OID00139,CID9212,US178720192,GOOGL,Buy,94,116.84,10982.96,USD,3/1/2024,3/3/2024,Confirmed,Goldman Sachs,NASDAQ,Trader A,Pending,Yes,10.98,21.97,11015.91,Confirmed,US,Escalated,Bloomberg,1.5,0.966,10917.81,549.15,Variation,Satisfied
TID00140,OID00140,CID5716,US504363090,TSLA,Buy,375,457.03,171386.25,EUR,3/9/2024,3/11/2024,Confirmed,Citibank,BATS,Trader D,Failed,Yes,171.39,342.77,171900.41,Confirmed,DE,Manual Check,Reuters,3.36,1.0014,170374.62,8569.31,Initial,Failed
TID00141,OID00141,CID5828,US718014468,AAPL,Buy,237,1025.44,243029.28,USD,2/24/2024,2/26/2024,Confirmed,Morgan Stanley,NASDAQ,Trader B,Completed,No,243.03,486.06,243758.37,Settled,UK,Clean,ICE,4.61,0.9783,242864.22,12151.46,Initial,Failed
TID00142,OID00142,CID8308,US406775814,AAPL,Sell,514,1288.23,662150.22,USD,4/24/2024,4/26/2024,Pending,Morgan Stanley,BATS,Trader C,Completed,Yes,662.15,1324.3,664136.67,Failed,UK,Escalated,ICE,0.79,0.8544,660689.81,33107.51,Initial,Pending
TID00143,OID00143,CID6681,US272145266,MSFT,Buy,258,224.6,57946.8,USD,2/20/2024,2/22/2024,Settled,Morgan Stanley,NYSE,Trader B,Pending,No,57.95,115.89,58120.64,Pending,DE,Clean,ICE,3.43,0.8096,56842.84,2897.34,Variation,Satisfied
TID00144,OID00144,CID9711,US287699055,META,Sell,697,1227.4,855497.8,USD,4/1/2024,4/3/2024,Failed,Goldman Sachs,NYSE,Trader C,Failed,Yes,855.5,1711,858064.29,Pending,UK,Clean,Reuters,4.52,0.8886,865246.03,42774.89,Initial,Satisfied
TID00145,OID00145,CID7614,US224908943,BABA,Buy,841,1252.12,1053032.92,USD,4/27/2024,4/29/2024,Settled,Goldman Sachs,BATS,Trader D,Completed,Yes,1053.03,2106.07,1056192.02,Confirmed,UK,Manual Check,ICE,4.79,1.0441,1044526.3,52651.65,Variation,Pending
TID00146,OID00146,CID4574,US400636821,MSFT,Buy,920,647.63,595819.6,EUR,1/4/2024,1/6/2024,Confirmed,JPMorgan,BATS,Trader B,Failed,Yes,595.82,1191.64,597607.06,Failed,UK,Escalated,ICE,1.41,0.9845,604613.17,29790.98,Initial,Pending
TID00147,OID00147,CID8633,US244143429,AAPL,Sell,860,426.68,366944.8,GBP,2/23/2024,2/25/2024,Pending,Citibank,IEX,Trader D,Failed,No,366.94,733.89,368045.63,Failed,US,Escalated,Bloomberg,0.11,0.9205,363378.53,18347.24,Initial,Satisfied
TID00148,OID00148,CID6283,US525451313,BABA,Buy,541,242.87,131392.67,EUR,3/5/2024,3/7/2024,Pending,JPMorgan,BATS,Trader A,Completed,No,131.39,262.79,131786.85,Failed,US,Reviewed,Reuters,1.9,1.1554,129540.53,6569.63,Initial,Pending
TID00149,OID00149,CID9297,US221996257,NVDA,Sell,528,152.29,80409.12,USD,2/2/2024,2/4/2024,Confirmed,Morgan Stanley,IEX,Trader D,Failed,Yes,80.41,160.82,80650.35,Confirmed,US,Clean,ICE,3.12,1.1146,81691.15,4020.46,Initial,Satisfied
TID00150,OID00150,CID6377,US200366430,NFLX,Sell,35,1493.36,52267.6,EUR,4/12/2024,4/14/2024,Pending,Morgan Stanley,NASDAQ,Trader C,Completed,No,52.27,104.54,52424.4,Pending,DE,Clean,Reuters,2.24,0.9601,52775.3,2613.38,Initial,Satisfied
TID00151,OID00151,CID9819,US463476242,AAPL,Sell,263,1105.75,290812.25,GBP,3/22/2024,3/24/2024,Pending,Morgan Stanley,IEX,Trader B,Completed,Yes,290.81,581.62,291684.69,Failed,US,Manual Check,Reuters,0.96,0.832,290340.82,14540.61,Variation,Pending
TID00152,OID00152,CID5143,US816001450,AAPL,Sell,154,1457.65,224478.1,EUR,3/21/2024,3/23/2024,Failed,Goldman Sachs,IEX,Trader C,Pending,Yes,224.48,448.96,225151.53,Confirmed,US,Escalated,Bloomberg,1.22,1.1129,220798.08,11223.91,Initial,Failed
TID00153,OID00153,CID1449,US922971003,TSLA,Sell,467,702.98,328291.66,EUR,4/27/2024,4/29/2024,Confirmed,Morgan Stanley,NASDAQ,Trader C,Pending,No,328.29,656.58,329276.53,Failed,DE,Manual Check,Bloomberg,2.86,0.9074,333507.47,16414.58,Initial,Failed
TID00154,OID00154,CID4757,US258309381,ADBE,Buy,666,976.46,650322.36,GBP,1/30/2024,2/1/2024,Confirmed,Citibank,BATS,Trader D,Pending,Yes,650.32,1300.64,652273.33,Confirmed,US,Escalated,Bloomberg,4.57,1.1209,639097.96,32516.12,Variation,Pending
TID00155,OID00155,CID7593,US872772438,GOOGL,Buy,286,781.31,223454.66,USD,2/12/2024,2/14/2024,Failed,Morgan Stanley,NYSE,Trader C,Pending,No,223.45,446.91,224125.02,Confirmed,UK,Clean,Reuters,0.96,1.1155,226538.36,11172.73,Initial,Failed
TID00156,OID00156,CID9458,US380365808,BABA,Sell,416,1030.95,428875.2,GBP,4/4/2024,4/6/2024,Settled,Morgan Stanley,NYSE,Trader A,Completed,No,428.88,857.75,430161.83,Settled,UK,Manual Check,Bloomberg,3.34,0.8983,435380.61,21443.76,Initial,Satisfied
TID00157,OID00157,CID5110,US331515580,AMZN,Buy,69,934.01,64446.69,EUR,3/30/2024,4/1/2024,Pending,Morgan Stanley,BATS,Trader C,Pending,No,64.45,128.89,64640.03,Pending,DE,Escalated,Bloomberg,1.17,0.9618,63461.01,3222.33,Variation,Failed
TID00158,OID00158,CID1461,US815607195,NFLX,Sell,560,626.13,350632.8,EUR,2/24/2024,2/26/2024,Settled,JPMorgan,NASDAQ,Trader D,Completed,No,350.63,701.27,351684.7,Confirmed,US,Reviewed,ICE,1.84,0.8598,352855.82,17531.64,Initial,Failed
TID00159,OID00159,CID9511,US840181830,TSLA,Buy,423,1426.82,603544.86,USD,4/17/2024,4/19/2024,Pending,Morgan Stanley,NYSE,Trader D,Failed,No,603.54,1207.09,605355.49,Settled,DE,Clean,Reuters,3.83,0.9947,604958.77,30177.24,Initial,Failed
TID00160,OID00160,CID9392,US239128843,TSLA,Buy,162,373.99,60586.38,GBP,2/20/2024,2/22/2024,Failed,Goldman Sachs,IEX,Trader D,Completed,No,60.59,121.17,60768.14,Pending,US,Clean,Bloomberg,2.71,0.8765,61343.74,3029.32,Initial,Failed
TID00161,OID00161,CID9837,US429169637,TSLA,Buy,64,431.89,27640.96,EUR,2/25/2024,2/27/2024,Settled,Morgan Stanley,NASDAQ,Trader C,Failed,Yes,27.64,55.28,27723.88,Settled,UK,Manual Check,Bloomberg,1.87,1.1999,27802.12,1382.05,Variation,Failed
TID00162,OID00162,CID1101,US832593540,NVDA,Buy,465,1256.5,584272.5,EUR,1/21/2024,1/23/2024,Settled,Citibank,NASDAQ,Trader A,Pending,No,584.27,1168.55,586025.32,Failed,DE,Manual Check,ICE,2.11,0.8945,594328.12,29213.62,Variation,Satisfied
TID00163,OID00163,CID3467,US221496442,NVDA,Sell,718,343.72,246790.96,EUR,2/4/2024,2/6/2024,Failed,Morgan Stanley,IEX,Trader B,Pending,Yes,246.79,493.58,247531.33,Settled,US,Reviewed,Bloomberg,1.69,0.9948,248612.14,12339.55,Variation,Pending
TID00164,OID00164,CID6699,US473404630,NFLX,Buy,544,285.23,155165.12,USD,4/17/2024,4/19/2024,Pending,Morgan Stanley,BATS,Trader C,Pending,Yes,155.17,310.33,155630.62,Confirmed,DE,Manual Check,Bloomberg,4.92,0.8964,153960.66,7758.26,Initial,Satisfied
TID00165,OID00165,CID6653,US152934355,ADBE,Sell,515,402.88,207483.2,USD,2/1/2024,2/3/2024,Settled,JPMorgan,NASDAQ,Trader A,Completed,No,207.48,414.97,208105.65,Pending,US,Escalated,Bloomberg,4.1,1.1608,203902.07,10374.16,Variation,Failed
TID00166,OID00166,CID5106,US692574842,ADBE,Sell,793,812.84,644582.12,GBP,1/16/2024,1/18/2024,Settled,Morgan Stanley,NASDAQ,Trader C,Pending,Yes,644.58,1289.16,646515.87,Confirmed,US,Escalated,Reuters,2.46,1.1798,648945.84,32229.11,Variation,Satisfied
TID00167,OID00167,CID2450,US751609554,BABA,Buy,105,1359.63,142761.15,EUR,4/8/2024,4/10/2024,Failed,Goldman Sachs,NASDAQ,Trader D,Completed,No,142.76,285.52,143189.43,Failed,DE,Manual Check,Reuters,0.93,0.9643,140900.55,7138.06,Variation,Satisfied
TID00168,OID00168,CID9385,US421725107,AMZN,Buy,863,461.06,397894.78,GBP,4/15/2024,4/17/2024,Confirmed,Goldman Sachs,IEX,Trader B,Pending,No,397.89,795.79,399088.46,Pending,UK,Reviewed,ICE,1.38,0.8731,396119.32,19894.74,Initial,Failed
TID00169,OID00169,CID3536,US474152465,ADBE,Sell,898,1337.97,1201497.06,GBP,2/4/2024,2/6/2024,Pending,Morgan Stanley,IEX,Trader C,Pending,Yes,1201.5,2402.99,1205101.55,Pending,DE,Reviewed,Bloomberg,3.12,1.0481,1203933.46,60074.85,Initial,Failed
TID00170,OID00170,CID6682,US117728129,ADBE,Buy,844,1317.02,1111564.88,EUR,3/10/2024,3/12/2024,Failed,Goldman Sachs,IEX,Trader D,Failed,Yes,1111.56,2223.13,1114899.57,Pending,UK,Clean,Bloomberg,2.16,0.8549,1114153.87,55578.24,Variation,Failed
TID00171,OID00171,CID6572,US351154801,AMZN,Buy,655,1288.51,843974.05,USD,1/28/2024,1/30/2024,Failed,Goldman Sachs,NYSE,Trader C,Completed,Yes,843.97,1687.95,846505.97,Pending,US,Reviewed,Bloomberg,0.78,0.9317,840047.94,42198.7,Initial,Satisfied
TID00172,OID00172,CID1816,US782184971,NVDA,Buy,149,712.97,106232.53,EUR,4/8/2024,4/10/2024,Pending,Morgan Stanley,BATS,Trader B,Pending,Yes,106.23,212.47,106551.23,Settled,UK,Clean,ICE,1.03,0.8679,108002.45,5311.63,Variation,Failed
TID00173,OID00173,CID6675,US326988196,META,Sell,562,1246.69,700639.78,EUR,1/22/2024,1/24/2024,Settled,Morgan Stanley,NASDAQ,Trader D,Pending,Yes,700.64,1401.28,702741.7,Settled,UK,Reviewed,Bloomberg,3.19,0.8307,704179.01,35031.99,Initial,Pending
TID00174,OID00174,CID4613,US495114423,META,Sell,489,1396.85,683059.65,EUR,1/11/2024,1/13/2024,Pending,Morgan Stanley,IEX,Trader D,Pending,No,683.06,1366.12,685108.83,Pending,DE,Reviewed,Reuters,4.16,0.8516,684580.51,34152.98,Variation,Pending
TID00175,OID00175,CID8158,US640029417,NFLX,Sell,540,1401.46,756788.4,USD,1/17/2024,1/19/2024,Confirmed,Citibank,NASDAQ,Trader C,Completed,No,756.79,1513.58,759058.77,Failed,DE,Escalated,Bloomberg,3.5,0.8252,768803.27,37839.42,Variation,Pending
TID00176,OID00176,CID3741,US168111475,AAPL,Buy,456,695.14,316983.84,USD,3/20/2024,3/22/2024,Settled,Morgan Stanley,NASDAQ,Trader B,Completed,No,316.98,633.97,317934.79,Confirmed,DE,Manual Check,Reuters,1.61,1.1691,322386.07,15849.19,Initial,Failed
TID00177,OID00177,CID5213,US327952717,AAPL,Buy,774,866.06,670330.44,USD,4/7/2024,4/9/2024,Pending,Morgan Stanley,BATS,Trader A,Completed,Yes,670.33,1340.66,672341.43,Failed,DE,Reviewed,Reuters,0.91,1.1906,658482.45,33516.52,Initial,Failed
TID00178,OID00178,CID1347,US610716003,ADBE,Buy,967,303.53,293513.51,EUR,1/15/2024,1/17/2024,Pending,JPMorgan,IEX,Trader D,Failed,No,293.51,587.03,294394.05,Confirmed,DE,Reviewed,Reuters,4.52,0.993,291213.32,14675.68,Variation,Failed
TID00179,OID00179,CID9530,US588589324,GOOGL,Sell,285,113.39,32316.15,GBP,1/24/2024,1/26/2024,Failed,Citibank,NASDAQ,Trader D,Failed,No,32.32,64.63,32413.1,Pending,UK,Reviewed,Reuters,0.58,1.0087,32183.38,1615.81,Initial,Pending
TID00180,OID00180,CID5952,US501620010,TSLA,Sell,941,1274.75,1199539.75,USD,4/29/2024,5/1/2024,Settled,Citibank,BATS,Trader A,Pending,Yes,1199.54,2399.08,1203138.37,Settled,UK,Reviewed,ICE,0.21,1.1602,1177583.9,59976.99,Initial,Satisfied
TID00181,OID00181,CID1409,US694526427,META,Sell,358,1170.74,419124.92,USD,2/15/2024,2/17/2024,Settled,Citibank,NASDAQ,Trader A,Failed,Yes,419.12,838.25,420382.29,Settled,US,Manual Check,Reuters,3.74,1.1108,422637.55,20956.25,Variation,Failed
TID00182,OID00182,CID2310,US175968059,ADBE,Buy,652,994.69,648537.88,USD,3/7/2024,3/9/2024,Pending,Morgan Stanley,NYSE,Trader C,Pending,No,648.54,1297.08,650483.49,Confirmed,US,Clean,ICE,3.15,0.914,649264.09,32426.89,Initial,Failed
TID00183,OID00183,CID6407,US770637515,BABA,Buy,827,336.82,278550.14,USD,4/1/2024,4/3/2024,Failed,JPMorgan,NYSE,Trader A,Failed,No,278.55,557.1,279385.79,Confirmed,DE,Escalated,Bloomberg,2.7,0.9922,277734.99,13927.51,Initial,Pending
TID00184,OID00184,CID4902,US938699428,NFLX,Buy,566,632.2,357825.2,USD,4/12/2024,4/14/2024,Failed,Morgan Stanley,IEX,Trader D,Pending,No,357.83,715.65,358898.68,Failed,UK,Clean,Reuters,3.71,1.1393,354510.59,17891.26,Variation,Failed
TID00185,OID00185,CID7854,US583013701,META,Sell,658,764.2,502843.6,GBP,4/14/2024,4/16/2024,Confirmed,Citibank,IEX,Trader C,Failed,Yes,502.84,1005.69,504352.13,Pending,DE,Clean,Bloomberg,1.64,0.8812,502602.47,25142.18,Initial,Satisfied
TID00186,OID00186,CID6433,US464517856,GOOGL,Sell,90,577.69,51992.1,GBP,3/21/2024,3/23/2024,Failed,Morgan Stanley,NYSE,Trader B,Pending,No,51.99,103.98,52148.08,Failed,US,Manual Check,Reuters,2.53,1.0378,51909.69,2599.61,Variation,Pending
TID00187,OID00187,CID5894,US383384026,GOOGL,Buy,911,1460.78,1330770.58,USD,4/9/2024,4/11/2024,Pending,Citibank,NYSE,Trader A,Pending,No,1330.77,2661.54,1334762.89,Settled,DE,Clean,Bloomberg,2.16,0.9376,1350424.22,66538.53,Initial,Pending
TID00188,OID00188,CID9332,US383601522,AMZN,Buy,823,750.2,617414.6,GBP,3/30/2024,4/1/2024,Failed,Citibank,NYSE,Trader D,Pending,No,617.41,1234.83,619266.84,Confirmed,UK,Escalated,Bloomberg,0.66,1.0152,614859.82,30870.73,Initial,Failed
TID00189,OID00189,CID5744,US766912338,TSLA,Sell,335,1005.52,336849.2,GBP,2/2/2024,2/4/2024,Pending,Citibank,BATS,Trader C,Completed,Yes,336.85,673.7,337859.75,Settled,UK,Escalated,ICE,0.24,1.0735,341194.52,16842.46,Initial,Pending
TID00190,OID00190,CID9155,US718612067,NVDA,Buy,393,679.49,267039.57,EUR,2/22/2024,2/24/2024,Settled,Morgan Stanley,BATS,Trader C,Completed,No,267.04,534.08,267840.69,Pending,DE,Clean,Reuters,2.84,1.1454,263540.13,13351.98,Initial,Failed
TID00191,OID00191,CID2487,US235374676,NFLX,Buy,342,121.81,41659.02,GBP,3/22/2024,3/24/2024,Confirmed,Citibank,NASDAQ,Trader B,Failed,No,41.66,83.32,41784,Pending,US,Escalated,ICE,1.23,1.1355,42360.16,2082.95,Variation,Failed
TID00192,OID00192,CID7150,US710788171,META,Sell,635,492.5,312737.5,GBP,2/25/2024,2/27/2024,Settled,JPMorgan,NYSE,Trader C,Pending,No,312.74,625.48,313675.71,Settled,DE,Reviewed,ICE,4.67,0.9291,307838.12,15636.88,Initial,Satisfied
TID00193,OID00193,CID6795,US575677747,MSFT,Buy,311,1049.24,326313.64,USD,3/12/2024,3/14/2024,Settled,Citibank,NYSE,Trader D,Pending,Yes,326.31,652.63,327292.58,Failed,US,Manual Check,Reuters,2.9,0.813,323097.12,16315.68,Initial,Pending
TID00194,OID00194,CID4016,US929086540,META,Buy,136,1140.11,155054.96,GBP,1/9/2024,1/11/2024,Settled,Citibank,IEX,Trader A,Pending,Yes,155.05,310.11,155520.12,Failed,UK,Clean,Bloomberg,1.19,0.9715,152367.67,7752.75,Initial,Pending
TID00195,OID00195,CID1218,US991344502,TSLA,Sell,490,1445.2,708148,EUR,1/19/2024,1/21/2024,Settled,Citibank,NYSE,Trader D,Completed,Yes,708.15,1416.3,710272.44,Pending,DE,Escalated,Bloomberg,0.99,0.8812,701243.16,35407.4,Variation,Satisfied
TID00196,OID00196,CID6949,US912788835,AAPL,Buy,221,253.05,55924.05,USD,4/28/2024,4/30/2024,Confirmed,Citibank,IEX,Trader B,Failed,No,55.92,111.85,56091.82,Pending,DE,Reviewed,Reuters,3.77,0.9097,55457.43,2796.2,Variation,Failed
TID00197,OID00197,CID7583,US109512467,NVDA,Buy,441,570.1,251414.1,GBP,4/25/2024,4/27/2024,Confirmed,JPMorgan,NASDAQ,Trader A,Completed,Yes,251.41,502.83,252168.34,Failed,DE,Manual Check,Reuters,2.98,0.9951,248334.13,12570.71,Variation,Satisfied
TID00198,OID00198,CID4194,US538611928,AAPL,Buy,287,359.38,103142.06,EUR,4/25/2024,4/27/2024,Pending,Goldman Sachs,BATS,Trader C,Completed,Yes,103.14,206.28,103451.49,Confirmed,DE,Manual Check,Bloomberg,1.67,1.0879,103470.78,5157.1,Initial,Failed
TID00199,OID00199,CID7821,US288964237,ADBE,Sell,971,1109.04,1076877.84,GBP,3/5/2024,3/7/2024,Settled,Citibank,NASDAQ,Trader C,Failed,Yes,1076.88,2153.76,1080108.47,Failed,DE,Manual Check,Bloomberg,3.33,1.1702,1094798.8,53843.89,Variation,Failed
TID00200,OID00200,CID9785,US465065481,NFLX,Sell,789,1245.84,982967.76,USD,4/6/2024,4/8/2024,Settled,Citibank,NYSE,Trader C,Failed,No,982.97,1965.94,985916.66,Failed,US,Manual Check,Bloomberg,1.79,0.9602,970855.66,49148.39,Variation,Satisfied
